{
  "data": [
    {
      "producto": "Tiger Nixon",
      "categoria": "System Architect",
      "linea": "$320,800",
      "sublinea": "2011/04/25",
      "division": "Edinburgh",
      "precio": "5421",
      "stock": "5421",
      "estado": "5421"
    },
    {
      "producto": "Tiger Nixon",
      "categoria": "System Architect",
      "linea": "$320,800",
      "sublinea": "2011/04/25",
      "division": "Edinburgh",
      "precio": "5421",
      "stock": "5421",
      "estado": "5421"
    },
    {
      "producto": "Tiger Nixon",
      "categoria": "System Architect",
      "linea": "$320,800",
      "sublinea": "2011/04/25",
      "division": "Edinburgh",
      "precio": "5421",
      "stock": "5421",
      "estado": "5421"
    },
    {
      "producto": "Tiger Nixon",
      "categoria": "System Architect",
      "linea": "$320,800",
      "sublinea": "2011/04/25",
      "division": "Edinburgh",
      "precio": "5421",
      "stock": "5421",
      "estado": "5421"
    }
  ]
}